Last_Name,First_Name
Abdullah,Hanan
Allen,Jude
Augelli,Ashley
Beeman,Owen
Bishop,Alysia
Blackburn,Robert
Blay,Mason
Brandt,Jack
Bresson,Braedin
Burcroff,Ian
Burdick,Corey
Carey,Darren
Chapman,Demetrius
Cruz,Freily
Cupid,Kevin
Decker,Jackson
Dickens,Leeann
Dileo,Jayden
Diwan,Bhumika
Durham,Parker
Erazo,Jenaily
Fecto,Sofia
Gangi,Clover
Gravel,Ayden
Greenwood,Brayden
Guenther,Hannah
Hale,Mackenzie
Hansen,Ethan
Jeannette,Ella
Johnson,Trinity
Juliano,Deanna
Kent,Jayden
Kosakowski,Jaidan
Krauss,Brian
Langer,Delila
Levesque,Lincoln
Lindau,Lillian
Martins Almedia,Nailton
Mastriano,Robert
Matias-Ortiz,Pedro
Mello,Ethan
Miranda,Joshua
Miranda,Spencer
Napoleone,Riker
Oathout,Carter
Palmieri,Riley
Paredes,Joancel
Patterson,Alexander
Petrone,Juliana
Pierce,Mason
Reinoso,Amaris
Remillard,Liam
Richardson,Evan
Ricketts,Sieanna
Rivera,Michael
Rodriguez,Hermy
Rosario,Christopher
Roth,Katherine-Marie
Sanchez,Mehkei
Sanchez,Yanmathew
Schollaert,Zelda
Serafini,Veronica
Servantes,Vincent
Skok,Austin
Slauta,James
Sobol,Liam
Sokol,Gage
Soucy,Emily
Stephens,Morgan
Torres,Adrian
Veach,Paityn
Villa,Ashley
Weston,Michael
Woodtke,Kaelynn
Woronick,Ava
Blass,Evan
