"Last_Name","First_Name","Email"
"Abdullah","Hanan","AbdullahHan"
"Allen","Jude","AllenJud"
"Augelli","Ashley","AugelliAsh"
"Beeman","Owen","BeemanOwe"
"Bishop","Alysia","BishopAly"
"Blackburn","Robert","BlackburnRob"
"Blay","Mason","BlayMas"
"Brandt","Jack","BrandtJac"
"Bresson","Braedin","BressonBra"
"Burcroff","Ian","BurcroffIan"
"Burdick","Corey","BurdickCor"
"Carey","Darren","CareyDar"
"Chapman","Demetrius","ChapmanDem"
"Cruz","Freily","CruzFre"
"Cupid","Kevin","CupidKev"
"Decker","Jackson","DeckerJac"
"Dickens","Leeann","DickensLee"
"Dileo","Jayden","DileoJay"
"Diwan","Bhumika","DiwanBhu"
"Durham","Parker","DurhamPar"
"Erazo","Jenaily","ErazoJen"
"Fecto","Sofia","FectoSof"
"Gangi","Clover","GangiClo"
"Gravel","Ayden","GravelAyd"
"Greenwood","Brayden","GreenwoodBra"
"Guenther","Hannah","GuentherHan"
"Hale","Mackenzie","HaleMac"
"Hansen","Ethan","HansenEth"
"Jeannette","Ella","JeannetteEll"
"Johnson","Trinity","JohnsonTri"
"Juliano","Deanna","JulianoDea"
"Kent","Jayden","KentJay"
"Kosakowski","Jaidan","KosakowskiJai"
"Krauss","Brian","KraussBri"
"Langer","Delila","LangerDel"
"Levesque","Lincoln","LevesqueLin"
"Lindau","Lillian","LindauLil"
"Martins Almedia","Nailton","Martins AlmediaNai"
"Mastriano","Robert","MastrianoRob"
"Matias-Ortiz","Pedro","Matias-OrtizPed"
"Mello","Ethan","MelloEth"
"Miranda","Joshua","MirandaJos"
"Miranda","Spencer","MirandaSpe"
"Napoleone","Riker","NapoleoneRik"
"Oathout","Carter","OathoutCar"
"Palmieri","Riley","PalmieriRil"
"Paredes","Joancel","ParedesJoa"
"Patterson","Alexander","PattersonAle"
"Petrone","Juliana","PetroneJul"
"Pierce","Mason","PierceMas"
"Reinoso","Amaris","ReinosoAma"
"Remillard","Liam","RemillardLia"
"Richardson","Evan","RichardsonEva"
"Ricketts","Sieanna","RickettsSie"
"Rivera","Michael","RiveraMic"
"Rodriguez","Hermy","RodriguezHer"
"Rosario","Christopher","RosarioChr"
"Roth","Katherine-Marie","RothKat"
"Sanchez","Mehkei","SanchezMeh"
"Sanchez","Yanmathew","SanchezYan"
"Schollaert","Zelda","SchollaertZel"
"Serafini","Veronica","SerafiniVer"
"Servantes","Vincent","ServantesVin"
"Skok","Austin","SkokAus"
"Slauta","James","SlautaJam"
"Sobol","Liam","SobolLia"
"Sokol","Gage","SokolGag"
"Soucy","Emily","SoucyEmi"
"Stephens","Morgan","StephensMor"
"Torres","Adrian","TorresAdr"
"Veach","Paityn","VeachPai"
"Villa","Ashley","VillaAsh"
"Weston","Michael","WestonMic"
"Woodtke","Kaelynn","WoodtkeKae"
"Woronick","Ava","WoronickAva"
"Blass","Evan","BlassEva"